condition,system_parts,user_parts
deo_baseline_adapted,,framing_baseline_sdc|output_decision_first|dilemma_sdc
deo_user_user,,framing_user_user|output_decision_first|dilemma_user
deo_user_sdc,,framing_user_sdc|output_decision_first|dilemma_sdc
deo_user_user_tool,,framing_user_user_tool|output_decision_first|dilemma_user
deo_user_sdc_tool,,framing_user_sdc_tool|output_decision_first|dilemma_sdc
deo_llm_user_tool,,framing_llm_user_tool|output_decision_first|dilemma_user
deo_llm_sdc_tool,,framing_llm_sdc_tool|output_decision_first|dilemma_sdc
deo_baseline_adapted_s_framing,framing_baseline_sdc,output_decision_first|dilemma_sdc
deo_user_user_s_framing,framing_user_user,output_decision_first|dilemma_user
deo_user_sdc_s_framing,framing_user_sdc,output_decision_first|dilemma_sdc
deo_user_user_tool_s_framing,framing_user_user_tool,output_decision_first|dilemma_user
deo_user_sdc_tool_s_framing,framing_user_sdc_tool,output_decision_first|dilemma_sdc
deo_llm_user_tool_s_framing,framing_llm_user_tool,output_decision_first|dilemma_user
deo_llm_sdc_tool_s_framing,framing_llm_sdc_tool,output_decision_first|dilemma_sdc
deo_baseline_adapted_s_framing_output,framing_baseline_sdc|output_decision_first,dilemma_sdc
deo_user_user_s_framing_output,framing_user_user|output_decision_first,dilemma_user
deo_user_sdc_s_framing_output,framing_user_sdc|output_decision_first,dilemma_sdc
deo_user_user_tool_s_framing_output,framing_user_user_tool|output_decision_first,dilemma_user
deo_user_sdc_tool_s_framing_output,framing_user_sdc_tool|output_decision_first,dilemma_sdc
deo_llm_user_tool_s_framing_output,framing_llm_user_tool|output_decision_first,dilemma_user
deo_llm_sdc_tool_s_framing_output,framing_llm_sdc_tool|output_decision_first,dilemma_sdc
