condition,system_parts,user_prefix_parts,user_suffix_parts
user_user,,framing_user_user|output_yta_nta,
user_user_s_framing,framing_user_user,output_yta_nta,
user_user_s_framing_output,framing_user_user|output_yta_nta,,
sdc_user,,framing_sdc_user|output_yta_nta,
sdc_user_s_framing,framing_sdc_user,output_yta_nta,
sdc_user_s_framing_output,framing_sdc_user|output_yta_nta,,
difuser_user,,framing_difuser_user|output_yta_nta,
difuser_user_s_framing,framing_difuser_user,output_yta_nta,
difuser_user_s_framing_output,framing_difuser_user|output_yta_nta,,
user_sdc,,framing_user_sdc|output_yta_nta,
user_sdc_s_framing,framing_user_sdc,output_yta_nta,
user_sdc_s_framing_output,framing_user_sdc|output_yta_nta,,
sdc_sdc,,framing_sdc_sdc|output_yta_nta,
sdc_sdc_s_framing,framing_sdc_sdc,output_yta_nta,
sdc_sdc_s_framing_output,framing_sdc_sdc|output_yta_nta,,
difuser_sdc,,framing_difuser_sdc|output_yta_nta,
difuser_sdc_s_framing,framing_difuser_sdc,output_yta_nta,
difuser_sdc_s_framing_output,framing_difuser_sdc|output_yta_nta,,
user_llm,,framing_user_llm|output_yta_nta,
user_llm_s_framing,framing_user_llm,output_yta_nta,
user_llm_s_framing_output,framing_user_llm|output_yta_nta,,
sdc_llm,,framing_sdc_llm|output_yta_nta,
sdc_llm_s_framing,framing_sdc_llm,output_yta_nta,
sdc_llm_s_framing_output,framing_sdc_llm|output_yta_nta,,
llm_llm,,framing_llm_llm|output_yta_nta,
llm_llm_s_framing,framing_llm_llm,output_yta_nta,
llm_llm_s_framing_output,framing_llm_llm|output_yta_nta,,
difuser_llm,,framing_difuser_llm|output_yta_nta,
difuser_llm_s_framing,framing_difuser_llm,output_yta_nta,
difuser_llm_s_framing_output,framing_difuser_llm|output_yta_nta,,
